{"cameraMode":{"drawMode":0,"name":"Shaded","section":"Shading Mode"},"sceneLighting":true,"audioPlay":false,"sceneViewState":{"showFog":true,"showMaterialUpdate":false,"showSkybox":true,"showFlares":true,"showImageEffects":true,"showParticleSystems":true},"in2DMode":false,"pivot":{"x":78.305419921875,"y":-41.54248809814453,"z":-46.498443603515628},"rotation":{"x":0.09389279782772064,"y":0.8835111856460571,"z":-0.20110738277435304,"w":0.4124920666217804},"size":105.2743148803711,"orthographic":false}